label,precision,recall,f1,support
accept_reservations,0.9333333333333333,0.9333333333333333,0.9333333333333333,30
account_blocked,0.9354838709677419,0.9666666666666667,0.9508196721311475,30
alarm,0.9666666666666667,0.9666666666666667,0.9666666666666667,30
application_status,1.0,1.0,1.0,30
apr,0.9375,1.0,0.967741935483871,30
are_you_a_bot,0.9333333333333333,0.9333333333333333,0.9333333333333333,30
balance,0.9090909090909091,1.0,0.9523809523809523,30
bill_balance,0.875,0.9333333333333333,0.9032258064516129,30
bill_due,0.8055555555555556,0.9666666666666667,0.8787878787878788,30
book_flight,1.0,0.9666666666666667,0.9830508474576272,30
book_hotel,1.0,1.0,1.0,30
calculator,0.9655172413793104,0.9333333333333333,0.9491525423728814,30
calendar,0.9,0.9,0.9,30
calendar_update,0.9655172413793104,0.9333333333333333,0.9491525423728814,30
calories,1.0,0.9666666666666667,0.9830508474576272,30
cancel,0.9666666666666667,0.9666666666666667,0.9666666666666667,30
cancel_reservation,0.9375,1.0,0.967741935483871,30
car_rental,1.0,1.0,1.0,30
card_declined,0.90625,0.9666666666666667,0.9354838709677419,30
carry_on,0.9655172413793104,0.9333333333333333,0.9491525423728814,30
change_accent,0.967741935483871,1.0,0.9836065573770492,30
change_ai_name,0.9375,1.0,0.967741935483871,30
change_language,1.0,1.0,1.0,30
change_speed,0.9032258064516129,0.9333333333333333,0.9180327868852459,30
change_user_name,0.9666666666666667,0.9666666666666667,0.9666666666666667,30
change_volume,1.0,0.8,0.8888888888888888,30
confirm_reservation,0.9666666666666667,0.9666666666666667,0.9666666666666667,30
cook_time,1.0,1.0,1.0,30
credit_limit,0.9032258064516129,0.9333333333333333,0.9180327868852459,30
credit_limit_change,0.9090909090909091,1.0,0.9523809523809523,30
credit_score,0.967741935483871,1.0,0.9836065573770492,30
current_location,0.9375,1.0,0.967741935483871,30
damaged_card,0.967741935483871,1.0,0.9836065573770492,30
date,1.0,1.0,1.0,30
definition,1.0,0.9666666666666667,0.9830508474576272,30
direct_deposit,1.0,0.9666666666666667,0.9830508474576272,30
directions,0.9666666666666667,0.9666666666666667,0.9666666666666667,30
distance,1.0,0.9,0.9473684210526315,30
do_you_have_pets,1.0,1.0,1.0,30
exchange_rate,1.0,1.0,1.0,30
expiration_date,0.9354838709677419,0.9666666666666667,0.9508196721311475,30
find_phone,1.0,0.9666666666666667,0.9830508474576272,30
flight_status,0.90625,0.9666666666666667,0.9354838709677419,30
flip_coin,0.967741935483871,1.0,0.9836065573770492,30
food_last,0.9032258064516129,0.9333333333333333,0.9180327868852459,30
freeze_account,0.9655172413793104,0.9333333333333333,0.9491525423728814,30
fun_fact,1.0,0.9,0.9473684210526315,30
gas,0.9375,1.0,0.967741935483871,30
gas_type,1.0,1.0,1.0,30
goodbye,0.896551724137931,0.8666666666666667,0.8813559322033898,30
greeting,0.9090909090909091,1.0,0.9523809523809523,30
how_busy,1.0,0.8,0.8888888888888888,30
how_old_are_you,1.0,0.9666666666666667,0.9830508474576272,30
improve_credit_score,1.0,0.9666666666666667,0.9830508474576272,30
income,1.0,0.8666666666666667,0.9285714285714286,30
ingredient_substitution,1.0,1.0,1.0,30
ingredients_list,0.9333333333333333,0.9333333333333333,0.9333333333333333,30
insurance,0.9375,1.0,0.967741935483871,30
insurance_change,1.0,0.9666666666666667,0.9830508474576272,30
interest_rate,1.0,0.9,0.9473684210526315,30
international_fees,0.9655172413793104,0.9333333333333333,0.9491525423728814,30
international_visa,0.9090909090909091,1.0,0.9523809523809523,30
jump_start,1.0,1.0,1.0,30
last_maintenance,0.9642857142857143,0.9,0.9310344827586207,30
lost_luggage,1.0,1.0,1.0,30
make_call,0.9090909090909091,1.0,0.9523809523809523,30
maybe,0.9090909090909091,1.0,0.9523809523809523,30
meal_suggestion,0.9230769230769231,0.8,0.8571428571428571,30
meaning_of_life,1.0,1.0,1.0,30
measurement_conversion,1.0,1.0,1.0,30
meeting_schedule,0.9310344827586207,0.9,0.9152542372881356,30
min_payment,1.0,1.0,1.0,30
mpg,1.0,1.0,1.0,30
new_card,0.8928571428571429,0.8333333333333334,0.8620689655172413,30
next_holiday,1.0,0.9666666666666667,0.9830508474576272,30
next_song,0.90625,0.9666666666666667,0.9354838709677419,30
no,1.0,0.9666666666666667,0.9830508474576272,30
nutrition_info,0.967741935483871,1.0,0.9836065573770492,30
oil_change_how,0.9354838709677419,0.9666666666666667,0.9508196721311475,30
oil_change_when,0.9333333333333333,0.9333333333333333,0.9333333333333333,30
order,0.9333333333333333,0.9333333333333333,0.9333333333333333,30
order_checks,1.0,1.0,1.0,30
order_status,1.0,1.0,1.0,30
pay_bill,1.0,0.9333333333333333,0.9655172413793104,30
payday,0.9629629629629629,0.8666666666666667,0.9122807017543859,30
pin_change,0.9629629629629629,0.8666666666666667,0.9122807017543859,30
play_music,1.0,0.8666666666666667,0.9285714285714286,30
plug_type,0.9655172413793104,0.9333333333333333,0.9491525423728814,30
pto_balance,0.8571428571428571,1.0,0.9230769230769231,30
pto_request,1.0,0.9666666666666667,0.9830508474576272,30
pto_request_status,1.0,1.0,1.0,30
pto_used,0.9642857142857143,0.9,0.9310344827586207,30
recipe,0.9032258064516129,0.9333333333333333,0.9180327868852459,30
redeem_rewards,1.0,0.9333333333333333,0.9655172413793104,30
reminder,0.9666666666666667,0.9666666666666667,0.9666666666666667,30
reminder_update,0.9583333333333334,0.7666666666666667,0.8518518518518519,30
repeat,0.9655172413793104,0.9333333333333333,0.9491525423728814,30
replacement_card_duration,0.9629629629629629,0.8666666666666667,0.9122807017543859,30
report_fraud,0.9285714285714286,0.8666666666666667,0.896551724137931,30
report_lost_card,1.0,0.8666666666666667,0.9285714285714286,30
reset_settings,1.0,0.9666666666666667,0.9830508474576272,30
restaurant_reservation,0.8529411764705882,0.9666666666666667,0.90625,30
restaurant_reviews,0.96,0.8,0.8727272727272727,30
restaurant_suggestion,0.8484848484848485,0.9333333333333333,0.8888888888888888,30
rewards_balance,0.9354838709677419,0.9666666666666667,0.9508196721311475,30
roll_dice,1.0,0.9666666666666667,0.9830508474576272,30
rollover_401k,1.0,1.0,1.0,30
routing,1.0,1.0,1.0,30
schedule_maintenance,0.8484848484848485,0.9333333333333333,0.8888888888888888,30
schedule_meeting,0.967741935483871,1.0,0.9836065573770492,30
share_location,1.0,0.9333333333333333,0.9655172413793104,30
shopping_list,1.0,0.9333333333333333,0.9655172413793104,30
shopping_list_update,1.0,0.9666666666666667,0.9830508474576272,30
smart_home,0.8666666666666667,0.8666666666666667,0.8666666666666667,30
spelling,1.0,0.9666666666666667,0.9830508474576272,30
spending_history,0.8108108108108109,1.0,0.8955223880597015,30
sync_device,1.0,1.0,1.0,30
taxes,1.0,1.0,1.0,30
tell_joke,0.967741935483871,1.0,0.9836065573770492,30
text,1.0,0.9333333333333333,0.9655172413793104,30
thank_you,0.9354838709677419,0.9666666666666667,0.9508196721311475,30
time,0.9375,1.0,0.967741935483871,30
timer,0.9666666666666667,0.9666666666666667,0.9666666666666667,30
timezone,1.0,0.9666666666666667,0.9830508474576272,30
tire_change,1.0,1.0,1.0,30
tire_pressure,1.0,1.0,1.0,30
todo_list,1.0,1.0,1.0,30
todo_list_update,1.0,1.0,1.0,30
traffic,1.0,1.0,1.0,30
transactions,0.8928571428571429,0.8333333333333334,0.8620689655172413,30
transfer,1.0,0.9333333333333333,0.9655172413793104,30
translate,0.9090909090909091,1.0,0.9523809523809523,30
travel_alert,0.9375,1.0,0.967741935483871,30
travel_notification,0.9666666666666667,0.9666666666666667,0.9666666666666667,30
travel_suggestion,1.0,1.0,1.0,30
uber,1.0,1.0,1.0,30
update_playlist,1.0,1.0,1.0,30
user_name,0.9333333333333333,0.9333333333333333,0.9333333333333333,30
vaccines,1.0,1.0,1.0,30
w2,0.967741935483871,1.0,0.9836065573770492,30
weather,0.8333333333333334,1.0,0.9090909090909091,30
what_are_your_hobbies,0.9375,1.0,0.967741935483871,30
what_can_i_ask_you,1.0,0.9333333333333333,0.9655172413793104,30
what_is_your_name,0.896551724137931,0.8666666666666667,0.8813559322033898,30
what_song,1.0,1.0,1.0,30
where_are_you_from,1.0,0.9666666666666667,0.9830508474576272,30
whisper_mode,0.8823529411764706,1.0,0.9375,30
who_do_you_work_for,0.9285714285714286,0.8666666666666667,0.896551724137931,30
who_made_you,0.9666666666666667,0.9666666666666667,0.9666666666666667,30
yes,1.0,0.9,0.9473684210526315,30
